n_img,n_row,n_col,tile_type,h,s,v
0,4,4,0,26.3026,245.1842,191.1801
0,0,0,1,41.5906,193.0161,151.1209
0,1,0,1,43.3704,202.0811,151.0329
0,1,4,1,40.9778,210.926,144.1913
0,2,0,1,40.8554,199.6978,151.0532
0,2,4,1,39.3559,219.9982,141.6698
0,3,0,1,42.513,207.7758,150.8302
0,3,3,1,32.4253,191.8896,135.7822
0,3,4,1,34.6859,215.459,132.4562
0,4,3,1,34.582,200.6038,123.546
0,0,2,2,45.1864,161.1531,66.1181
0,0,3,2,43.6752,152.9081,61.6782
0,0,4,2,44.4531,159.8208,63.2256
0,1,1,2,44.8309,160.4163,61.8739
0,1,2,2,43.0294,167.6024,62.8192
0,1,3,2,36.5725,158.8622,70.603
0,2,3,2,42.4547,172.7378,60.6874
0,4,0,2,48.1779,100.3718,68.259
0,2,1,3,23.7077,132.757,107.1856
0,3,1,3,24.3891,134.6243,111.7854
0,0,1,4,101.9646,239.8913,176.1833
0,3,2,4,98.5689,227.9777,165.5335
0,4,1,4,78.9684,193.0165,146.2953
0,4,2,4,98.0095,212.4394,139.3264
0,2,2,6,28.5602,110.4772,139.9255
1,0,0,0,25.5194,248.0155,168.2771
1,0,2,0,25.7646,244.1053,170.8091
1,1,2,0,25.5791,245.7947,174.3969
1,1,3,0,25.7841,248.4215,177.8543
1,2,3,0,25.3198,241.1761,170.064
1,2,4,0,26.0304,248.6743,180.2883
1,3,4,0,24.7348,229.1801,160.5597
1,4,0,0,25.7616,245.6343,184.173
1,4,1,0,26.1713,244.2912,187.0705
1,3,2,1,42.3214,211.2361,144.81
1,3,3,1,43.955,205.9899,137.1954
1,4,4,1,41.3386,212.6461,136.2555
1,1,4,2,44.1514,159.9076,55.1374
1,0,1,3,25.2381,84.4957,108.8012
1,0,4,3,23.6735,130.9151,96.3389
1,1,1,3,25.1282,134.1846,83.2193
1,2,1,3,23.9685,125.1573,98.4476
1,4,2,3,22.1875,164.6013,106.7374
1,4,3,3,25.3924,117.1441,106.7516
1,0,3,5,29.8934,135.6631,59.6385
1,1,0,5,33.5659,104.5056,57.335
1,2,0,5,32.1827,106.5468,63.9784
1,3,0,5,39.0038,113.6101,66.4054
1,3,1,5,28.6152,120.8797,74.8266
1,2,2,6,23.6445,71.3569,118.3995
2,0,1,0,24.4921,222.0149,153.1659
2,1,0,0,25.4829,246.0321,173.7863
2,1,1,0,25.5945,238.1442,178.4131
2,2,1,0,24.3592,221.8042,152.42
2,3,0,0,25.6188,245.8635,181.5583
2,0,2,2,42.7471,164.8205,57.4317
2,0,3,2,45.9646,138.6916,42.2588
2,0,4,2,46.6823,146.2574,44.7931
2,1,2,2,39.93,125.2542,60.704
2,1,3,2,48.3949,131.8541,41.1609
2,1,4,2,47.639,140.1709,45.2897
2,2,3,2,45.2074,149.8082,43.1671
2,3,1,2,34.4967,168.6198,62.605
2,3,2,2,43.2565,180.8925,46.5734
2,3,3,2,36.8997,167.1381,54.5537
2,4,3,2,48.3144,163.6608,50.3205
2,0,0,3,23.0679,146.4196,95.1309
2,2,4,4,80.9548,220.0191,124.5875
2,3,4,4,97.4637,235.5872,134.8571
2,4,0,4,94.3807,232.3983,146.8199
2,4,1,4,102.1005,243.9529,154.5982
2,4,2,4,85.1227,224.4812,139.0261
2,4,4,4,81.7171,217.162,115.2623
2,2,0,5,43.9056,92.9112,54.812
2,2,2,6,35.829,83.8067,108.61
3,0,1,0,27.271,235.0265,188.1062
3,0,2,0,24.5268,226.8985,172.4748
3,0,4,0,25.8859,245.1563,186.2463
3,1,1,0,24.6568,228.301,170.851
3,1,4,0,26.0577,245.5749,184.587
3,2,1,0,26.2945,237.7743,188.929
3,2,2,0,26.2247,249.1861,190.9379
3,2,3,0,26.3703,234.5831,185.4943
3,2,4,0,25.6961,241.9904,183.2364
3,3,1,0,26.0097,233.2931,187.2251
3,3,2,0,26.1224,243.8977,182.0294
3,1,2,1,31.9257,202.0502,135.9755
3,1,3,1,43.1884,194.8213,142.0764
3,3,3,2,36.1285,155.9707,68.7333
3,3,4,2,34.868,154.2072,67.6012
3,0,3,3,23.005,124.308,122.7146
3,0,0,4,78.4102,212.1979,139.4249
3,1,0,4,98.3495,234.6544,152.2708
3,2,0,4,102.5139,241.5116,156.9992
3,3,0,4,83.4345,209.8288,137.8208
3,4,0,4,99.3296,238.5152,167.2311
3,4,1,4,98.0358,238.4163,162.246
3,4,3,4,103.4167,240.2342,160.3775
3,4,4,4,104.6182,244.2245,157.5525
3,4,2,6,55.8979,79.7662,122.0355
4,4,4,0,25.9155,242.2943,200.6415
4,0,0,1,39.9537,188.1077,157.1193
4,1,0,1,42.9836,195.9305,156.7013
4,1,4,1,41.0571,208.2708,152.7357
4,2,0,1,40.6379,194.599,157.8901
4,2,4,1,39.1991,215.7358,149.4283
4,3,0,1,42.4696,201.9858,154.8395
4,3,3,1,32.2883,188.7855,145.442
4,3,4,1,34.3029,212.4972,140.264
4,4,3,1,33.574,196.3127,129.9789
4,0,2,2,45.145,157.139,71.1132
4,0,3,2,42.7231,154.0006,66.4817
4,0,4,2,43.9773,164.3498,66.6463
4,1,1,2,44.5041,160.0745,66.3122
4,1,2,2,43.0395,163.3474,67.4386
4,1,3,2,36.0824,159.8392,75.6803
4,2,3,2,42.3025,167.581,64.9896
4,4,0,2,47.4711,102.436,70.8474
4,2,1,3,29.139,123.1205,106.6172
4,3,1,3,26.3825,135.7385,117.3704
4,0,1,4,99.9106,236.9549,180.0152
4,3,2,4,99.112,229.0336,171.9174
4,4,1,4,83.734,198.1643,151.1071
4,4,2,4,96.3368,209.2905,144.9036
4,2,2,6,46.5465,132.192,82.3405
5,0,0,0,25.681,246.5355,178.0832
5,0,2,0,25.8996,241.6544,179.4707
5,1,2,0,48.1161,171.9417,119.4993
5,1,3,0,25.8075,245.5249,183.2396
5,2,3,0,25.0279,241.0363,171.2719
5,2,4,0,25.9963,244.7612,188.1364
5,3,4,0,24.7119,226.3315,169.2371
5,4,0,0,25.9533,242.0832,190.431
5,4,1,0,26.1835,240.8216,195.0876
5,3,2,1,42.3353,209.0043,154.6616
5,3,3,1,43.8404,205.9358,147.6805
5,4,4,1,41.2582,210.3314,147.9528
5,1,4,2,44.2746,158.5489,60.7898
5,0,1,3,25.7418,85.1314,115.6709
5,0,4,3,24.0472,130.8675,105.2762
5,1,1,3,24.3654,139.2509,91.4742
5,2,1,3,23.4694,127.9298,102.4037
5,4,2,3,22.2048,162.056,114.7219
5,4,3,3,26.1099,119.0442,115.4998
5,0,3,5,28.9244,135.2857,64.12
5,1,0,5,33.6676,105.463,60.1186
5,2,0,5,33.0987,105.5172,66.7197
5,3,0,5,36.009,109.9256,67.9997
5,3,1,5,29.6879,121.2395,79.0908
5,2,2,6,36.3897,127.249,79.7927
6,0,1,0,24.5677,219.1255,164.179
6,1,0,0,25.4563,238.0635,178.4874
6,1,1,0,25.692,233.3355,185.6349
6,2,1,0,24.7186,217.3646,160.9585
6,3,0,0,25.3606,240.4627,187.3297
6,0,2,2,41.9323,163.0975,62.141
6,0,3,2,45.3625,145.1145,48.9178
6,0,4,2,45.5458,145.2406,51.3
6,1,2,2,43.8574,120.8598,60.9059
6,1,3,2,52.1808,120.8284,47.7683
6,1,4,2,47.3379,135.7273,52.3147
6,2,3,2,49.0214,133.8731,49.4577
6,3,1,2,34.2824,165.777,68.4674
6,3,2,2,42.7724,180.1522,53.7936
6,3,3,2,36.6571,167.6998,61.5313
6,4,3,2,46.3273,158.5085,55.2598
6,0,0,3,23.651,145.423,105.7147
6,2,4,4,82.0551,218.9134,138.0369
6,3,4,4,97.9729,236.371,147.7458
6,4,0,4,97.0479,233.4194,158.6361
6,4,1,4,103.4966,244.011,167.1621
6,4,2,4,85.1478,221.7138,148.3628
6,4,4,4,82.5529,216.3784,126.9434
6,2,0,5,40.9462,95.0122,65.3427
6,2,2,6,40.8106,130.739,71.3359
7,0,1,0,26.2142,233.3615,197.2882
7,0,2,0,24.5835,223.8806,180.046
7,0,4,0,25.8519,241.482,195.2428
7,1,1,0,24.5756,225.5343,179.332
7,1,4,0,25.7415,241.3212,193.6509
7,2,1,0,25.8798,235.4223,197.5288
7,2,2,0,26.2003,246.0262,198.6983
7,2,3,0,26.2111,231.2026,194.2723
7,2,4,0,25.5522,237.6591,191.3568
7,3,1,0,25.7095,229.4808,195.5819
7,3,2,0,25.9315,239.054,190.5742
7,1,2,1,32.0258,198.2117,143.2079
7,1,3,1,43.0304,193.0435,149.8691
7,3,3,2,35.7295,153.8319,75.0239
7,3,4,2,34.7678,149.8028,74.2194
7,0,3,3,23.0811,124.4336,130.2438
7,0,0,4,81.9048,209.8129,147.4035
7,1,0,4,98.4103,232.7888,159.7548
7,2,0,4,103.4893,240.0866,165.8097
7,3,0,4,83.0698,209.8202,146.5772
7,4,0,4,100.2281,237.5636,176.6728
7,4,1,4,97.629,236.9959,168.572
7,4,3,4,102.595,238.6078,154.2673
7,4,4,4,104.0323,243.8368,168.7905
7,4,2,6,54.7546,73.8931,85.0683
8,0,2,0,26.5714,242.1474,187.3877
8,0,3,0,25.2779,224.958,166.8901
8,1,0,0,26.0981,238.8644,187.4217
8,1,3,0,25.3605,227.7564,168.6058
8,2,3,0,26.2693,247.3223,187.2619
8,2,4,0,26.2305,243.3595,189.684
8,3,0,0,26.3607,230.2641,185.8976
8,3,2,0,26.4207,241.3769,189.7155
8,3,3,0,26.2938,239.732,189.4418
8,4,2,0,24.7584,217.8804,169.4401
8,4,3,0,29.8723,231.2859,182.6213
8,0,4,1,42.1327,216.4714,144.8849
8,1,1,1,37.3987,211.0182,129.4246
8,2,1,1,41.0344,203.0434,147.7906
8,2,2,1,32.1497,196.8131,141.1088
8,1,4,2,35.7665,170.5058,69.1565
8,3,1,3,24.9855,140.834,110.5439
8,4,0,3,26.1976,112.8388,110.9943
8,4,1,3,23.9466,105.6603,127.3271
8,1,2,4,95.9527,239.4496,153.3419
8,4,4,4,98.9467,242.3848,151.3203
8,0,1,5,39.1233,108.4611,67.5036
8,3,4,6,28.2856,116.738,138.2781
8,0,0,7,20.7786,166.7308,157.7649
8,2,0,7,21.5975,164.7201,154.9264
9,0,0,0,24.8402,229.404,145.1443
9,2,4,0,26.0453,250.3511,171.6686
9,3,3,0,26.4826,239.8566,171.6989
9,3,4,0,26.0677,246.8754,176.6963
9,1,1,2,38.9089,171.6801,52.7496
9,3,2,2,44.8033,192.7546,53.1771
9,4,2,2,45.5292,182.7079,54.4467
9,4,3,2,39.7343,141.1385,60.6192
9,4,4,2,44.3776,162.6738,54.7875
9,1,2,3,24.7192,151.8223,82.7153
9,1,3,3,24.6864,136.7897,94.226
9,2,3,3,23.6043,151.9018,87.3785
9,1,0,4,96.7904,234.4575,143.5162
9,2,0,4,101.0181,238.3786,142.8435
9,2,1,4,106.2465,248.2075,151.541
9,3,0,4,102.0323,245.8903,161.0601
9,3,1,4,86.172,225.9963,141.7718
9,4,0,4,99.3262,236.7647,159.2054
9,4,1,4,87.3776,228.969,145.6348
9,0,1,5,34.7443,119.9502,56.2864
9,0,2,5,34.6136,124.1605,50.9571
9,0,3,5,31.1693,121.6381,51.8652
9,2,2,6,26.7359,75.1935,113.6498
9,0,4,7,20.9558,212.556,111.0583
9,1,4,7,20.6347,209.0329,120.918
10,1,1,0,29.7482,243.997,174.8209
10,1,2,0,24.895,232.6368,152.2139
10,2,1,0,27.4292,238.041,167.1191
10,2,2,0,26.6507,249.3699,169.4035
10,3,1,1,34.7143,214.9313,103.8343
10,3,2,1,41.0676,219.4253,122.5532
10,4,2,1,38.3242,226.1135,123.4891
10,0,0,2,46.6315,160.7326,56.8426
10,0,1,2,37.1104,148.1173,58.3045
10,0,2,2,45.8039,162.8936,50.7721
10,0,3,2,44.9355,153.4888,45.1187
10,0,4,2,48.1203,146.2132,40.138
10,1,3,2,44.6265,151.6614,47.0807
10,1,4,2,47.5766,134.1533,41.5498
10,2,3,2,37.7186,158.8402,52.705
10,3,3,2,36.0767,153.6039,53.2387
10,3,4,2,46.7921,154.8997,45.2761
10,4,3,2,41.8021,169.0209,47.4774
10,4,4,2,43.5098,164.1652,47.0898
10,1,0,4,79.5686,215.692,118.3973
10,2,0,4,74.473,211.3897,122.03
10,3,0,4,96.4535,225.8527,118.5012
10,2,4,6,36.6191,74.5822,93.5671
10,4,0,7,20.6717,199.2588,145.2444
10,4,1,7,20.7995,198.0386,143.2196
11,0,0,0,25.9313,241.66,188.3079
11,0,1,0,25.8833,241.0117,178.9549
11,3,3,0,26.2797,235.7918,181.9135
11,4,3,0,26.2778,239.1338,182.0816
11,0,2,1,45.774,216.3725,144.5484
11,0,3,1,44.7579,208.2183,150.2215
11,2,0,1,42.9545,212.8238,147.4632
11,2,1,1,42.3962,224.6446,144.4186
11,2,2,1,33.49,200.7627,129.3985
11,3,0,1,42.1861,197.4136,148.9364
11,3,2,1,43.37,197.9511,139.9489
11,1,0,2,45.5548,137.0724,60.3251
11,2,3,2,44.7231,178.8251,63.1622
11,3,1,3,24.5162,153.6771,102.7741
11,4,0,3,21.846,153.98,108.1528
11,4,1,3,25.7012,114.6189,109.0208
11,1,1,4,82.9691,217.4779,136.7086
11,1,2,4,99.4852,232.2103,152.1692
11,1,3,4,99.9303,247.3077,164.3532
11,2,4,4,103.3298,247.3725,163.3165
11,3,4,4,103.5822,249.6975,164.8256
11,4,4,4,83.6345,215.5869,129.2461
11,4,2,6,57.796,67.8949,120.1129
11,0,4,7,21.1441,201.9877,145.2991
11,1,4,7,24.3115,205.9968,140.125
12,0,2,0,26.6771,240.9387,182.7208
12,0,3,0,25.2438,224.9245,166.5147
12,1,0,0,26.3684,241.5763,186.8814
12,1,3,0,25.2495,228.433,169.7206
12,2,3,0,26.4493,248.0535,186.3577
12,2,4,0,26.4674,234.7015,180.7278
12,3,0,0,26.474,229.7581,184.126
12,3,2,0,26.7243,240.8087,187.6733
12,3,3,0,26.1417,243.8979,179.859
12,4,2,0,24.935,216.8385,166.4761
12,4,3,0,28.2309,231.7069,180.8156
12,0,4,1,41.8935,216.0431,145.8581
12,1,1,1,35.5975,210.423,128.7726
12,2,1,1,41.175,202.3853,146.196
12,2,2,1,33.3065,193.5866,136.2501
12,1,4,2,36.0665,168.9196,67.866
12,3,1,3,25.3593,134.8767,106.0355
12,4,0,3,24.7964,113.3151,109.5005
12,4,1,3,24.1889,99.7539,122.9258
12,1,2,4,99.6566,237.9157,150.1786
12,4,4,4,100.4727,244.0441,148.7518
12,0,1,5,46.2547,99.5427,66.3457
12,3,4,6,33.0987,137.5379,72.2309
12,0,0,7,20.8661,165.9161,155.9405
12,2,0,7,21.3928,163.4532,152.4412
13,0,0,0,24.7609,230.0303,143.9958
13,2,4,0,26.2128,252.1913,171.3473
13,3,3,0,26.7016,238.2054,169.5491
13,3,4,0,26.2521,246.9018,174.2723
13,1,1,2,38.1525,163.1022,49.8451
13,3,2,2,44.5729,186.3663,51.0975
13,4,2,2,45.5395,176.0488,52.7382
13,4,3,2,40.3991,136.5381,59.4445
13,4,4,2,45.6516,151.0654,51.9062
13,1,2,3,38.3629,124.0476,75.9135
13,1,3,3,24.5189,132.1854,92.4499
13,2,3,3,24.9671,151.6894,80.8809
13,1,0,4,97.0743,231.4194,143.4121
13,2,0,4,102.6536,237.3224,143.2125
13,2,1,4,106.8288,249.1969,147.3008
13,3,0,4,102.6652,245.8129,161.0511
13,3,1,4,87.143,223.8395,141.5471
13,4,0,4,99.8033,235.8089,159.9289
13,4,1,4,87.7738,226.6222,144.8299
13,0,1,5,34.3134,113.2047,52.5171
13,0,2,5,32.7576,126.6688,51.9786
13,0,3,5,28.3604,120.0224,51.1162
13,2,2,6,60.3644,117.4551,65.7164
13,0,4,7,20.5622,216.1424,114.5804
13,1,4,7,20.432,210.4944,121.4268
14,1,1,0,28.8178,244.5872,172.7302
14,1,2,0,25.032,233.6307,149.6249
14,2,1,0,27.1019,239.4239,165.5059
14,2,2,0,26.8173,249.9242,166.8614
14,3,1,1,35.0927,213.8877,101.5522
14,3,2,1,41.3456,220.1918,120.9484
14,4,2,1,38.6729,225.6104,121.0867
14,0,0,2,46.3111,154.8238,52.5444
14,0,1,2,37.8754,140.8893,56.0564
14,0,2,2,47.0019,153.7301,50.328
14,0,3,2,46.027,147.9313,45.0664
14,0,4,2,49.0325,137.5448,39.1879
14,1,3,2,44.6948,153.0195,44.7283
14,1,4,2,52.2288,122.1228,40.6767
14,2,3,2,38.256,147.654,44.9495
14,3,3,2,36.2478,148.8254,51.7894
14,3,4,2,47.1045,155.2049,42.8052
14,4,3,2,42.7748,158.0966,46.5812
14,4,4,2,44.7304,152.5955,45.8378
14,1,0,4,81.4477,215.4976,117.9518
14,2,0,4,77.4094,211.6049,119.732
14,3,0,4,97.5516,226.3647,118.9815
14,2,4,6,44.5433,105.2694,49.7103
14,4,0,7,21.1283,197.8493,140.3804
14,4,1,7,20.7379,195.6135,139.9863
15,0,0,0,26.3593,243.3975,184.3724
15,0,1,0,27.2418,241.7769,175.2973
15,3,3,0,26.4505,235.8181,178.6434
15,4,3,0,26.4412,237.5152,163.8397
15,0,2,1,46.7832,215.4081,141.9087
15,0,3,1,45.027,209.22,148.1694
15,2,0,1,43.2792,210.4174,146.4579
15,2,1,1,42.5147,225.5741,142.033
15,2,2,1,33.7695,201.5154,126.7838
15,3,0,1,42.4147,199.4373,145.9389
15,3,2,1,43.6883,189.5784,136.5645
15,1,0,2,45.8653,137.7754,57.7716
15,2,3,2,45.5426,177.7667,60.9046
15,3,1,3,25.3146,151.0824,99.1247
15,4,0,3,21.9029,153.7123,104.9907
15,4,1,3,25.7611,116.6415,102.9965
15,1,1,4,82.7794,217.2112,134.8489
15,1,2,4,99.2664,232.278,150.2026
15,1,3,4,100.351,247.1822,162.3494
15,2,4,4,103.5798,245.9009,160.1492
15,3,4,4,103.6694,249.7111,161.7763
15,4,4,4,83.2549,216.2036,126.2045
15,4,2,6,48.4272,65.7812,73.7861
15,0,4,7,20.9953,201.904,142.3827
15,1,4,7,23.524,207.2546,137.4861
16,0,3,0,26.3617,243.5613,200.0144
16,1,3,0,25.9959,229.3682,199.445
16,2,3,0,26.5127,233.0561,194.7217
16,4,0,0,25.9563,232.3927,195.1161
16,0,1,1,40.2836,200.5822,157.5437
16,1,1,1,42.5775,201.3916,157.2581
16,2,1,1,43.8867,207.4304,155.5844
16,3,1,1,36.6222,193.207,131.3869
16,4,1,1,34.5726,173.2232,145.988
16,0,4,2,43.1648,174.6075,67.8772
16,1,4,2,43.3819,170.6484,64.7204
16,2,4,2,34.4575,166.0213,79.2924
16,3,4,2,41.126,183.1558,69.5618
16,0,0,3,21.9564,169.5931,120.9823
16,0,2,3,24.2719,152.5753,119.6716
16,1,0,3,25.1651,126.0839,123.1922
16,1,2,3,26.0551,78.9829,133.9698
16,2,0,3,24.1548,151.3896,115.3216
16,3,0,3,23.7347,141.0301,109.8863
16,3,2,4,102.7191,221.7124,152.5276
16,3,3,4,79.9287,213.2312,164.5202
16,4,2,4,102.7276,221.809,179.0939
16,4,3,4,104.6058,237.4796,188.8832
16,4,4,4,96.9604,226.357,177.491
16,2,2,6,55.7214,66.2775,138.9117
17,0,2,0,26.62,250.7346,171.2177
17,0,3,0,25.359,249.1893,172.6552
17,1,3,0,26.9527,247.2276,175.6621
17,1,4,0,24.8267,238.1829,168.9608
17,2,3,0,26.097,224.6638,161.642
17,2,4,0,26.0191,241.5428,184.6251
17,0,0,1,39.8921,222.5094,135.5844
17,0,1,2,35.5717,184.6074,61.7714
17,1,1,2,40.269,200.5428,62.6618
17,1,2,2,36.0123,193.0573,65.7035
17,2,1,2,39.7392,195.5898,65.9426
17,3,0,2,41.5472,192.7527,70.5433
17,3,1,2,36.7374,184.3938,71.9142
17,3,2,2,43.3425,191.0847,58.1874
17,3,3,2,40.9909,190.9798,59.2113
17,3,4,2,37.4374,156.3813,68.1375
17,4,2,2,47.6785,187.5863,65.5481
17,4,3,2,41.6723,171.1882,62.9774
17,4,4,2,43.8401,172.3282,62.5497
17,0,4,4,93.169,230.0342,126.0192
17,4,0,4,96.0054,237.5821,173.3305
17,4,1,4,99.2239,238.6982,167.2605
17,2,2,6,36.3788,96.8193,114.0116
17,1,0,7,20.4125,202.3176,148.5514
17,2,0,7,20.8831,201.5912,153.5464
18,0,0,0,24.2719,232.4494,163.7735
18,1,0,0,25.5639,249.3333,184.4438
18,1,4,0,26.9768,247.4126,175.4967
18,2,4,0,26.8302,242.0833,171.7015
18,3,2,0,25.5169,227.0644,164.4038
18,4,0,0,25.5784,243.7389,184.8747
18,4,1,0,25.7886,247.1025,190.587
18,4,2,0,26.0517,248.5155,186.3392
18,4,3,0,25.7561,248.9962,186.3563
18,4,4,0,24.7452,230.4739,162.2494
18,0,1,1,38.7566,226.2468,143.0975
18,0,3,1,39.0462,233.0767,120.1618
18,1,1,1,32.5098,225.5075,129.8039
18,1,2,1,41.1471,224.5065,143.4237
18,1,3,1,43.3379,215.1596,133.6205
18,0,2,2,42.629,200.5095,55.6466
18,2,3,2,40.3872,152.8462,58.5721
18,3,3,2,31.9323,188.7026,83.7658
18,2,1,3,25.9399,132.093,98.3075
18,3,4,3,25.3155,141.7759,102.6813
18,0,4,4,97.452,235.4972,125.057
18,2,0,5,26.5861,133.3112,76.5142
18,3,0,5,29.0859,134.8308,77.9369
18,3,1,5,30.4057,125.9191,75.9065
18,2,2,6,17.8941,89.1352,128.0556
19,4,0,0,25.7237,229.0281,196.8897
19,4,1,0,24.3664,215.3154,179.6544
19,4,2,0,25.9639,230.0502,198.6159
19,4,3,0,26.1206,244.8977,198.635
19,4,4,0,26.0055,236.0543,192.6849
19,1,2,1,38.7964,208.9396,161.2089
19,3,2,1,42.6187,190.72,153.4167
19,3,3,1,32.2424,196.7528,144.3599
19,1,0,2,39.7817,185.9588,71.1169
19,1,3,2,42.0183,184.1356,68.3074
19,2,3,2,44.7081,139.5872,67.8582
19,1,1,3,24.0052,145.2629,115.704
19,2,1,3,23.7861,128.2473,131.351
19,0,0,4,77.0316,214.0144,165.2463
19,0,1,4,104.1773,245.5737,183.6431
19,0,2,4,104.0811,246.5469,182.1407
19,0,3,4,102.6603,237.4935,167.1651
19,0,4,4,105.0118,242.6684,175.3709
19,1,4,4,81.9075,219.9848,146.4293
19,2,4,4,81.9827,212.2808,146.7516
19,3,4,4,81.0435,211.8108,143.2199
19,2,0,5,27.7937,115.1641,79.0345
19,3,0,5,30.4948,89.7369,69.9993
19,3,1,5,31.9571,85.5307,65.5528
19,2,2,6,27.9522,120.889,148.3814
20,0,3,0,26.2246,242.9934,199.5716
20,1,3,0,25.8458,227.0227,198.708
20,2,3,0,28.9972,234.8679,188.0797
20,4,0,0,26.1098,233.8313,196.3768
20,0,1,1,40.3225,195.766,156.3685
20,1,1,1,42.4772,201.1018,156.2983
20,2,1,1,44.8364,197.9666,140.0465
20,3,1,1,35.8543,195.7712,131.221
20,4,1,1,33.3968,172.9735,145.5188
20,0,4,2,42.8798,169.9176,69.0945
20,1,4,2,42.5714,168.8352,66.2567
20,2,4,2,34.4533,163.5604,78.434
20,3,4,2,44.2021,176.1224,71.633
20,0,0,3,21.6373,166.0137,120.3922
20,0,2,3,24.6087,149.7642,118.8016
20,1,0,3,25.1321,123.6298,121.9908
20,1,2,3,27.9954,78.6381,132.0503
20,2,0,3,23.8501,149.6895,113.4016
20,3,0,3,23.6163,140.0336,110.541
20,3,2,4,102.4825,222.7811,153.9305
20,3,3,4,82.2906,214.399,168.4785
20,4,2,4,100.9318,217.1317,178.7492
20,4,3,4,103.1155,231.2727,190.4039
20,4,4,4,98.255,223.6925,181.8942
20,2,2,6,56.3951,113.6009,62.163
21,0,2,0,26.3947,251.2187,173.8706
21,0,3,0,25.3938,248.832,171.3405
21,1,3,0,26.9405,244.7804,178.583
21,1,4,0,24.898,237.5416,167.5973
21,2,3,0,27.7583,224.9202,152.8798
21,2,4,0,26.0536,239.6227,184.2918
21,0,0,1,40.5796,223.4067,133.902
21,0,1,2,35.4565,181.3317,59.4874
21,1,1,2,41.679,195.2279,59.1153
21,1,2,2,42.4777,159.7976,65.4592
21,2,1,2,40.8595,189.3439,59.3876
21,3,0,2,43.0334,188.7656,67.9199
21,3,1,2,36.8369,179.5232,70.8832
21,3,2,2,43.7411,186.502,57.6915
21,3,3,2,41.2377,188.8556,59.3272
21,3,4,2,37.5685,156.202,68.5679
21,4,2,2,44.9333,181.5498,62.5908
21,4,3,2,41.9679,170.2658,63.6497
21,4,4,2,43.8663,168.7927,62.2148
21,0,4,4,94.4556,233.7494,127.1465
21,4,0,4,101.7951,241.3583,177.437
21,4,1,4,99.7465,239.7462,168.9207
21,2,2,6,51.8575,128.4242,63.2114
21,1,0,7,20.3939,201.6672,148.5556
21,2,0,7,20.8645,199.1415,153.003
22,0,0,0,24.1975,230.4482,165.4358
22,1,0,0,25.7234,249.0774,187.4595
22,1,4,0,25.9095,245.712,172.4231
22,2,4,0,25.779,246.6901,182.1292
22,3,2,0,25.5636,237.6841,177.5724
22,4,0,0,25.7292,244.4082,188.341
22,4,1,0,25.8503,245.4159,192.4494
22,4,2,0,25.9152,247.4267,187.6013
22,4,3,0,25.6206,248.2798,188.0325
22,4,4,0,24.5339,230.8492,163.9373
22,0,1,1,39.3125,224.9232,140.5548
22,0,3,1,37.8795,233.9014,125.6842
22,1,1,1,33.8564,223.2294,127.6758
22,1,2,1,45.5084,200.5852,126.322
22,1,3,1,45.3845,204.9274,123.9762
22,0,2,2,41.3035,194.3158,53.6427
22,2,3,2,45.0976,147.7926,54.9265
22,3,3,2,33.3611,174.6906,73.1306
22,2,1,3,24.6423,136.2698,102.383
22,3,4,3,23.8142,134.8083,109.7321
22,0,4,4,97.2752,235.9574,127.9379
22,2,0,5,30.0804,125.2561,71.9897
22,3,0,5,30.3854,126.426,75.1342
22,3,1,5,30.9468,124.4223,74.6298
22,2,2,6,28.971,141.8681,79.4058
23,4,0,0,25.7758,222.8354,191.9334
23,4,1,0,24.203,213.2432,178.4934
23,4,2,0,26.259,227.4435,198.4
23,4,3,0,26.1839,243.1249,198.6451
23,4,4,0,27.325,232.1861,192.4433
23,1,2,1,38.7047,192.5001,155.549
23,3,2,1,42.4302,189.2391,154.6845
23,3,3,1,32.5893,193.9519,143.5088
23,1,0,2,40.8728,178.7277,71.5853
23,1,3,2,42.7354,174.874,67.2712
23,2,3,2,44.8048,142.1878,62.1494
23,1,1,3,24.2645,138.8004,117.6143
23,2,1,3,23.2179,126.0303,126.0819
23,0,0,4,82.3783,216.7444,168.6545
23,0,1,4,104.6018,248.573,188.1554
23,0,2,4,104.6408,250.1489,187.9205
23,0,3,4,103.1382,239.8533,171.4446
23,0,4,4,105.152,245.7667,180.4324
23,1,4,4,82.754,218.705,150.3265
23,2,4,4,82.9916,211.6537,150.3974
23,3,4,4,83.2127,213.7491,145.2441
23,2,0,5,28.9983,113.6352,79.8493
23,3,0,5,31.5535,89.5402,71.6881
23,3,1,5,38.954,81.4668,67.1512
23,2,2,6,29.6901,131.997,95.2822
24,0,4,0,25.7284,221.3915,194.7561
24,1,4,0,25.6823,218.9394,179.3543
24,2,4,0,29.5691,229.418,195.8043
24,3,4,0,26.9528,231.8571,191.258
24,4,4,0,24.6252,215.4436,182.1817
24,4,0,1,39.9235,196.3633,158.3248
24,1,1,2,45.4311,130.516,73.8288
24,1,2,2,44.2961,149.8422,69.9283
24,2,1,2,37.4405,140.2084,81.9768
24,3,1,2,42.4921,159.477,69.8311
24,4,1,2,34.5337,145.7957,86.8916
24,3,2,3,25.2096,104.8376,122.7314
24,0,1,4,99.7301,222.3168,190.2527
24,0,2,4,82.7212,207.7956,159.5085
24,0,3,4,74.9411,194.1593,157.4599
24,1,3,4,100.7907,228.9338,173.7119
24,2,0,4,100.8341,221.8636,191.0391
24,2,3,4,102.8322,234.1581,170.8795
24,3,0,4,80.5897,209.8131,172.6683
24,3,3,5,50.4594,114.7443,84.4859
24,4,2,5,31.8057,119.6422,90.7138
24,4,3,5,41.0963,79.8202,64.136
24,2,2,6,36.0242,69.1922,132.1394
24,0,0,7,25.277,110.2856,182.5587
24,1,0,7,22.6802,125.4163,173.1417
25,1,1,0,26.5898,234.4057,187.4596
25,2,1,0,26.3647,227.4684,188.9454
25,3,0,0,25.8765,227.8013,195.756
25,3,1,0,26.1205,236.8038,198.2119
25,0,0,2,43.7466,154.1275,58.6641
25,0,1,2,45.5187,157.7829,61.862
25,0,2,2,46.0473,145.8999,58.1289
25,0,3,2,48.4674,122.6683,57.0387
25,1,0,2,35.1508,153.5157,75.2491
25,1,2,2,44.0091,148.8418,69.086
25,1,3,2,49.9891,121.8822,57.8686
25,2,3,2,50.0959,109.4323,63.4244
25,3,2,2,37.1951,142.6709,75.9568
25,3,3,2,46.3444,136.448,61.0356
25,0,4,4,104.885,246.1832,176.0431
25,1,4,4,104.898,248.4162,181.5275
25,2,4,4,84.1689,204.211,147.6107
25,3,4,4,85.6262,215.6141,165.9066
25,4,0,4,80.5339,206.8278,154.5808
25,4,1,4,100.8612,236.2766,188.3915
25,4,2,4,104.4575,246.0116,191.9277
25,4,3,4,105.963,247.9757,188.8139
25,4,4,4,102.4909,235.0239,174.6744
25,2,0,5,34.6179,89.306,67.7937
25,2,2,6,28.1274,106.164,146.032
26,0,2,0,26.9705,237.6851,189.0303
26,0,3,0,25.3283,237.3205,180.1141
26,0,4,0,25.6583,238.4644,186.952
26,1,3,0,26.1148,246.0385,190.95
26,2,3,0,25.8103,232.1722,188.0545
26,3,2,0,25.8906,228.1393,188.5508
26,3,3,0,25.2867,220.1484,166.5786
26,4,0,0,25.9544,238.6893,192.1098
26,0,0,1,41.3378,192.8102,151.7121
26,0,1,1,43.648,188.8739,147.6099
26,1,1,1,38.8177,200.2285,122.1822
26,1,2,1,32.9622,187.1527,133.8503
26,2,1,1,39.2402,186.8193,139.0772
26,3,0,1,34.5314,201.3375,135.1271
26,3,1,1,42.6716,200.8062,157.6746
26,4,1,1,43.8442,191.7993,150.5601
26,1,4,2,43.6853,150.7783,63.7279
26,2,4,2,35.1149,142.8809,70.0587
26,3,4,2,42.1008,130.9627,67.3185
26,4,2,2,39.1435,112.6216,74.8062
26,4,3,2,43.0581,119.4372,70.0183
26,4,4,2,45.3427,107.2362,76.3226
26,1,0,4,95.7281,223.0706,142.893
26,2,0,4,94.0153,228.511,170.2831
26,2,2,6,33.0977,70.4231,133.0123
27,0,2,0,26.0093,232.8813,198.4809
27,0,3,0,24.631,217.3559,184.5589
27,4,0,0,25.5339,236.7133,194.8496
27,4,1,0,25.7501,233.121,195.9712
27,4,2,0,25.6625,220.0196,193.7912
27,4,3,0,26.1769,224.6549,194.0987
27,4,4,0,24.7006,214.8766,172.6576
27,1,2,1,40.9473,212.6565,159.0166
27,1,3,1,40.6219,209.1416,154.0457
27,2,3,1,39.1765,194.9303,158.6752
27,3,3,1,44.2421,181.7335,153.4753
27,3,4,1,43.7544,191.2343,153.0449
27,1,4,2,42.4186,147.9333,66.117
27,0,4,3,22.6206,108.8989,135.195
27,1,0,3,21.9929,125.5732,126.186
27,1,1,3,23.7581,134.5326,118.9327
27,2,0,3,20.7332,151.05,125.0531
27,2,1,3,24.4301,110.5904,124.3701
27,2,2,3,23.8601,122.2343,116.0598
27,3,0,3,23.5096,139.3712,119.4004
27,3,1,3,22.8414,131.2595,115.4294
27,3,2,3,24.4151,66.2556,132.5599
27,0,0,5,37.2402,106.5672,78.1704
27,0,1,5,34.6017,106.364,83.7887
27,2,4,6,55.5297,70.009,137.0985
28,0,0,0,25.6052,223.3769,188.8926
28,0,1,0,25.5087,222.4688,174.7609
28,0,2,0,28.8058,230.8503,190.9356
28,0,3,0,26.3415,236.2008,188.9141
28,0,4,0,24.8938,217.6862,179.1949
28,4,4,1,39.1509,197.1705,154.9676
28,2,1,2,45.1611,151.232,63.965
28,3,1,2,45.5537,132.21,70.4978
28,3,2,2,37.8709,143.287,78.6829
28,3,3,2,42.3534,158.9894,66.2063
28,3,4,2,34.4466,148.7705,85.3995
28,2,3,3,25.8907,111.3728,114.074
28,1,0,4,74.1898,196.518,149.5285
28,1,1,4,100.3391,231.7575,163.8983
28,1,2,4,100.2896,212.8668,146.8181
28,2,0,4,81.2163,212.1317,149.8576
28,3,0,4,97.3856,223.7475,178.9702
28,4,2,4,99.3663,227.5858,183.0452
28,4,3,4,75.1861,210.7365,162.8407
28,1,3,5,45.354,118.2954,77.8356
28,1,4,5,34.4808,83.7419,61.1143
28,2,4,5,29.5911,125.4183,91.2622
28,2,2,6,43.3236,102.7311,82.3312
28,4,0,7,26.8815,111.5627,180.5388
28,4,1,7,26.9141,129.6446,169.4422
29,1,1,0,26.9047,235.8681,179.5177
29,2,1,0,26.7762,228.5443,179.0752
29,3,0,0,27.0884,227.3169,191.4024
29,3,1,0,27.1616,235.4016,193.8561
29,0,0,2,43.8807,159.1332,57.4033
29,0,1,2,45.8745,158.3398,60.2607
29,0,2,2,46.152,148.9213,57.0375
29,0,3,2,48.2895,126.9926,55.5989
29,1,0,2,35.2852,159.1329,71.4795
29,1,2,2,52.0474,138.0598,73.1011
29,1,3,2,50.878,128.4438,54.9313
29,2,3,2,51.4831,113.3993,56.7834
29,3,2,2,38.2893,153.2214,74.1696
29,3,3,2,48.149,141.1272,59.8126
29,0,4,4,102.3967,239.6974,166.0858
29,1,4,4,104.154,248.2893,173.0166
29,2,4,4,82.9253,207.0818,140.4461
29,3,4,4,84.2034,220.9411,160.5507
29,4,0,4,81.1569,210.851,145.8677
29,4,1,4,101.7334,240.0593,179.8257
29,4,2,4,104.8081,249.7242,184.4802
29,4,3,4,104.6629,246.1356,180.2533
29,4,4,4,103.6673,238.4823,166.5798
29,2,0,5,34.0858,96.13,67.812
29,2,2,6,39.5199,145.6896,93.7888
30,0,2,0,27.7695,238.1332,184.2952
30,0,3,0,25.5148,239.0504,177.6858
30,0,4,0,25.6285,239.0994,184.0293
30,1,3,0,29.0495,229.4706,179.6025
30,2,3,0,30.0255,215.6306,174.225
30,3,2,0,26.3134,227.4258,185.8495
30,3,3,0,25.5508,220.2421,164.1421
30,4,0,0,25.9692,239.1467,192.6802
30,0,0,1,41.2445,196.5821,147.782
30,0,1,1,43.8697,191.9156,144.2061
30,1,1,1,40.5815,204.5452,119.9225
30,1,2,1,37.4419,173.2809,118.8485
30,2,1,1,39.8872,190.6476,134.8181
30,3,0,1,34.1093,206.8638,135.9993
30,3,1,1,42.6358,198.4976,157.7058
30,4,1,1,44.0413,196.6154,150.1642
30,1,4,2,43.7993,150.7508,63.1776
30,2,4,2,35.7366,145.4262,69.8977
30,3,4,2,41.5829,135.796,67.3775
30,4,2,2,39.4252,116.6938,75.1979
30,4,3,2,43.1818,120.057,69.948
30,4,4,2,45.2436,109.576,76.9556
30,1,0,4,93.0271,227.678,138.7627
30,2,0,4,90.0889,225.4862,163.395
30,2,2,5,32.6019,131.6835,84.6303
31,0,2,0,26.2511,232.3343,190.5052
31,0,3,0,24.8881,221.0003,180.6927
31,4,0,0,25.5385,239.3918,194.3483
31,4,1,0,25.7635,235.3499,194.5134
31,4,2,0,25.6523,221.5839,193.4188
31,4,3,0,26.1132,226.7333,193.6468
31,4,4,0,24.5696,216.6169,170.4076
31,1,2,1,40.772,213.0399,156.8031
31,1,3,1,40.9142,211.0299,152.3713
31,2,3,1,39.3802,199.9181,155.6065
31,3,3,1,43.9137,185.7134,152.7912
31,3,4,1,42.8271,196.4963,151.4458
31,1,4,2,42.2859,154.4488,65.2645
31,0,4,3,23.4667,115.2693,131.9823
31,1,0,3,22.1786,136.7621,124.519
31,1,1,3,23.8985,139.3461,117.4998
31,2,0,3,21.1506,157.8671,123.6069
31,2,1,3,24.977,116.4077,123.0471
31,2,2,3,23.845,128.3206,114.8478
31,3,0,3,23.3398,145.8006,119.1151
31,3,1,3,23.1351,136.6443,114.2157
31,3,2,3,25.105,72.6811,132.3186
31,0,0,5,31.593,113.2022,80.0343
31,0,1,5,32.5558,107.7632,79.6788
31,2,4,6,52.3998,71.9309,83.2778
32,0,1,0,26.1154,246.5526,151.3198
32,1,0,0,25.3752,250.0782,154.5263
32,1,1,0,24.077,225.2941,133.796
32,1,3,0,26.5127,237.0849,152.2931
32,2,1,0,26.1005,238.9977,153.6865
32,4,2,0,25.5968,248.8034,164.6058
32,4,3,0,25.0854,248.8965,170.2859
32,0,0,1,30.5795,182.085,94.2528
32,1,4,2,50.4089,105.696,43.4693
32,2,3,2,47.411,122.443,42.0725
32,2,4,2,45.793,119.9488,44.7018
32,3,1,2,44.9977,163.7334,39.6278
32,3,2,2,46.8067,150.5536,44.6691
32,3,3,2,43.8383,145.4554,48.2898
32,4,1,2,45.3072,163.2049,39.6372
32,1,2,3,22.1197,85.2648,92.8561
32,0,2,4,86.5324,205.6998,114.4549
32,0,3,4,101.1919,247.2045,137.9318
32,0,4,4,82.0466,206.5028,115.9547
32,2,0,4,81.6437,213.8624,114.0626
32,3,0,4,86.0331,218.5151,129.1699
32,4,0,4,86.1585,220.977,132.4275
32,2,2,6,28.2587,96.6182,102.2669
32,3,4,7,18.4977,171.3357,127.2061
32,4,4,7,18.4191,188.0742,129.9419
33,1,1,0,25.2975,250.6167,157.4941
33,1,2,0,25.4184,248.6606,157.3266
33,2,2,0,25.4413,251.0757,162.305
33,2,3,0,25.1815,244.5464,149.1627
33,2,4,0,25.229,249.5881,160.131
33,3,2,0,25.6965,238.6621,158.3671
33,3,4,0,23.6124,224.2756,140.785
33,4,2,0,25.525,237.6372,157.811
33,0,3,1,44.9097,219.5125,102.3928
33,0,4,1,43.449,205.2521,110.0384
33,1,3,1,44.7335,195.2809,106.2188
33,1,4,1,36.2486,196.1126,90.9712
33,3,1,1,43.6734,217.414,112.0291
33,4,1,1,41.7854,209.4489,108.5534
33,3,3,2,44.2007,95.1138,51.0296
33,4,0,2,45.0536,131.5835,44.7417
33,0,0,3,23.2888,115.4098,78.7538
33,0,1,3,20.1137,158.7524,74.057
33,1,0,3,24.7498,130.6662,72.2139
33,2,0,3,21.7327,102.8071,80.3385
33,3,0,3,25.2225,124.4538,77.8113
33,4,4,4,101.4964,232.3852,131.5529
33,2,1,5,41.6246,92.8607,50.43
33,4,3,5,49.7611,66.1678,46.7319
33,0,2,6,52.9596,54.1869,91.2984
34,0,1,0,24.7891,238.4697,160.2766
34,2,0,0,24.4445,242.5143,162.5845
34,2,1,0,24.8638,251.0464,165.5102
34,3,0,0,24.8925,249.3308,168.0841
34,3,1,0,25.04,250.0826,165.3346
34,3,2,0,24.8967,223.8186,140.9694
34,0,2,2,57.906,89.194,41.7638
34,0,3,2,61.0016,90.4352,40.5973
34,0,4,2,58.661,93.3593,40.7565
34,1,1,2,41.763,98.7048,51.3786
34,1,2,2,51.0526,112.7774,39.8327
34,0,0,3,24.0305,84.3955,77.3527
34,1,0,3,21.4522,50.282,96.2269
34,4,4,3,24.9783,105.6305,87.0146
34,1,3,4,84.436,217.23,114.1203
34,1,4,4,107.163,247.1173,147.1658
34,2,3,4,105.2093,236.5262,136.1486
34,2,4,4,109.243,250.0914,145.1054
34,3,3,4,106.1796,249.6794,151.1969
34,3,4,4,108.619,251.0276,150.7405
34,4,0,5,42.4726,112.3309,64.6378
34,4,1,5,52.3009,94.3992,51.4024
34,4,2,5,50.5659,81.3502,50.2716
34,4,3,5,51.2224,96.8871,52.7262
34,2,2,6,59.6442,77.0277,102.4834
35,0,0,0,24.3688,249.4794,174.8558
35,1,0,0,22.8937,231.6153,156.1925
35,1,1,0,24.8992,248.4181,174.8019
35,2,1,0,23.5443,232.1736,158.2827
35,4,1,0,27.3938,234.4459,158.0331
35,1,4,1,40.5768,209.8795,126.8472
35,2,0,1,39.1228,218.6917,128.3852
35,2,4,1,42.7542,205.9005,126.4817
35,3,3,1,40.4846,212.9227,122.6872
35,3,4,1,42.027,201.6557,124.5492
35,4,3,1,33.0384,191.9254,95.1877
35,0,1,2,33.8575,156.6786,58.5279
35,0,2,2,41.5085,154.9022,47.7375
35,0,3,2,43.3193,156.0558,46.8743
35,1,2,2,41.9767,165.599,53.6389
35,2,2,2,40.7097,163.8206,52.5987
35,2,3,2,37.9847,144.2324,57.0807
35,3,1,2,34.5952,167.8841,69.8618
35,3,2,2,35.1978,160.5423,59.4214
35,0,4,3,22.9985,132.7586,84.7717
35,3,0,4,99.0394,241.5935,163.1448
35,4,0,4,101.7809,233.3193,158.1115
35,4,2,4,95.4469,226.5026,134.678
35,4,4,4,103.5724,223.4689,129.2556
35,1,3,6,36.0072,63.8489,98.5188
36,0,1,0,26.0637,247.6901,152.9807
36,1,0,0,25.4712,250.5118,154.7759
36,1,1,0,30.114,213.7375,130.5125
36,1,3,0,26.0335,242.3776,154.2206
36,2,1,0,31.1996,226.4584,143.6789
36,4,2,0,25.2509,250.7906,166.1926
36,4,3,0,24.8242,251.1695,170.1215
36,0,0,1,30.8148,178.169,93.497
36,1,4,2,48.3973,110.2102,42.9732
36,2,3,2,45.1342,138.4694,40.2944
36,2,4,2,43.9895,142.5344,41.6547
36,3,1,2,44.2036,165.1909,38.2416
36,3,2,2,45.5663,158.7057,44.437
36,3,3,2,42.3324,155.56,46.9026
36,4,1,2,44.1064,172.0138,38.6234
36,1,2,3,29.8449,98.9847,87.5145
36,0,2,4,87.0154,199.4186,110.8282
36,0,3,4,102.515,244.6293,132.7167
36,0,4,4,85.6995,199.4537,114.5066
36,2,0,4,81.407,208.5643,113.0849
36,3,0,4,88.0563,213.1921,126.3905
36,4,0,4,87.5575,217.8205,129.131
36,2,2,6,41.4649,144.9208,68.9809
36,3,4,7,18.7183,187.69,128.1367
36,4,4,7,18.7173,203.0695,128.317
37,1,1,0,25.4203,251.6768,155.4288
37,1,2,0,25.1369,250.2228,160.5571
37,2,2,0,25.458,250.4833,163.3135
37,2,3,0,25.7079,239.8539,147.8333
37,2,4,0,25.1048,247.5894,163.4859
37,3,2,0,25.4479,238.7603,160.7622
37,3,4,0,23.9738,217.3651,141.7921
37,4,2,0,25.2658,241.7891,158.6065
37,0,3,1,47.6424,203.6478,97.1442
37,0,4,1,44.4043,190.678,111.771
37,1,3,1,43.5635,188.9937,111.6686
37,1,4,1,35.0722,184.2977,95.6844
37,3,1,1,42.6339,217.3498,112.89
37,4,1,1,39.7351,215.7429,107.858
37,3,3,2,43.046,89.9237,51.5692
37,4,0,2,43.0042,143.4774,43.3785
37,0,0,3,23.7261,116.5567,78.9442
37,0,1,3,20.7455,166.3387,73.8972
37,1,0,3,23.7315,134.1783,76.1163
37,2,0,3,21.9624,109.4835,81.424
37,3,0,3,24.6677,133.5089,77.658
37,4,4,4,102.7255,226.5776,132.9921
37,2,1,5,35.5987,94.5285,53.25
37,4,3,5,49.1475,72.4762,50.3317
37,0,2,6,35.3428,127.0045,71.9051
38,0,1,0,24.9322,233.8066,159.0276
38,2,0,0,24.4932,240.4133,164.2454
38,2,1,0,24.8972,251.4345,166.6239
38,3,0,0,25.1216,249.15,169.8765
38,3,1,0,25.0215,252.4835,169.6437
38,3,2,0,25.076,225.1472,143.5304
38,0,2,2,54.5886,99.6564,46.7402
38,0,3,2,56.7252,93.9902,43.1922
38,0,4,2,52.5161,103.0693,42.1657
38,1,1,2,37.6206,112.387,53.5461
38,1,2,2,53.2955,118.6453,40.813
38,0,0,3,22.3097,84.6826,77.613
38,1,0,3,21.6457,57.6816,98.5633
38,4,4,3,26.4088,100.9589,87.4739
38,1,3,4,85.3466,201.1483,108.1857
38,1,4,4,106.8127,245.7791,147.3424
38,2,3,4,104.5789,216.8295,126.7172
38,2,4,4,109.0766,250.9219,147.4707
38,3,3,4,102.5085,248.2107,154.8382
38,3,4,4,108.3626,252.1414,154.0305
38,4,0,5,34.556,123.6306,71.8502
38,4,1,5,48.6436,98.0786,53.8154
38,4,2,5,52.2433,89.568,54.4316
38,4,3,5,46.8278,97.2342,55.7856
38,2,2,6,47.4236,106.4246,73.0086
39,0,0,0,24.268,248.253,174.66
39,1,0,0,22.9894,230.4402,156.5315
39,1,1,0,25.012,246.8724,175.978
39,2,1,0,24.0366,233.0469,156.5805
39,4,1,0,30.143,234.2465,119.3991
39,1,4,1,40.5039,200.4285,124.8801
39,2,0,1,38.6433,219.1474,127.0758
39,2,4,1,43.6131,209.6911,113.8869
39,3,3,1,43.277,217.9316,85.2445
39,3,4,1,45.1899,197.9238,91.3432
39,4,3,1,35.8248,188.7369,75.3475
39,0,1,2,33.948,157.8642,61.1313
39,0,2,2,41.505,153.3725,50.1421
39,0,3,2,43.1287,145.1637,48.2379
39,1,2,2,42.362,155.0814,52.3834
39,2,2,2,40.881,165.5277,51.6383
39,2,3,2,38.0106,149.1558,52.333
39,3,1,2,38.1635,162.1942,52.4946
39,3,2,2,38.9314,142.4673,41.0104
39,0,4,3,22.02,123.0235,89.2871
39,3,0,4,98.6836,243.2361,134.7218
39,4,0,4,101.753,239.0805,116.083
39,4,2,4,95.3527,222.8127,109.093
39,4,4,4,105.3634,223.6348,121.3283
39,1,3,6,42.9842,72.0978,66.7443
40,0,0,0,24.6564,242.7629,166.4846
40,0,2,0,23.5846,225.9293,149.4166
40,1,2,0,25.5291,241.7412,170.1281
40,1,3,0,25.3006,245.316,169.9344
40,3,2,0,25.8336,245.8345,172.0962
40,4,1,0,25.0527,248.3872,170.8783
40,4,2,0,24.7973,248.6765,175.7709
40,1,0,1,31.4881,180.5111,111.7076
40,1,1,1,44.4231,187.6448,119.2501
40,0,3,2,43.441,144.1356,50.1463
40,2,0,2,42.6973,152.0719,48.0126
40,3,3,2,38.8838,145.3686,55.5883
40,4,3,2,43.6147,160.4529,51.9002
40,0,1,3,20.835,89.8038,103.2674
40,3,1,3,24.8347,114.4904,90.0174
40,0,4,4,83.5654,212.4391,128.174
40,1,4,4,105.8423,246.6287,147.4673
40,2,1,4,83.0138,221.5973,137.1147
40,2,2,4,104.5513,241.0614,150.0534
40,2,3,4,106.5781,248.5305,161.755
40,2,4,4,107.5743,252.1204,166.9313
40,3,4,4,104.5799,240.0405,161.8334
40,3,0,5,47.856,98.5456,59.2825
40,4,0,5,43.2036,112.7208,67.8574
40,4,4,6,27.3679,102.5988,120.6081
41,0,0,0,23.2241,211.9941,142.9648
41,1,0,0,24.5748,235.741,163.1321
41,1,1,0,27.5244,236.8146,164.9279
41,2,0,0,24.5298,238.3358,156.8286
41,3,0,0,24.7015,247.3296,166.4471
41,4,0,0,24.4973,242.4002,167.5075
41,4,1,0,24.9166,245.6321,169.3439
41,4,2,0,24.8997,242.6918,166.1695
41,0,3,2,53.0116,108.8861,40.6702
41,0,4,2,47.7994,106.4561,40.5085
41,1,2,2,47.5839,85.5429,51.9645
41,1,3,2,57.6399,87.7989,39.0298
41,1,4,2,56.3117,89.9367,38.0164
41,2,2,2,53.9603,102.728,44.255
41,2,3,2,48.2058,109.8871,36.7858
41,3,3,2,40.5097,132.1155,45.2144
41,4,3,2,42.0923,111.7103,46.6236
41,2,4,3,21.681,81.4863,77.2486
41,0,1,4,98.1394,230.4819,136.9369
41,0,2,4,105.0214,233.1731,148.5132
41,2,1,4,84.4973,215.2043,126.5489
41,3,1,4,80.3243,216.9349,124.2343
41,3,2,4,104.9315,240.8541,150.5349
41,3,4,5,48.022,92.5853,46.8292
41,4,4,6,65.9424,63.2957,93.1975
42,0,3,0,24.05,227.8857,152.3554
42,0,4,0,23.5374,221.14,152.56
42,1,3,0,23.8588,225.5632,150.351
42,2,3,0,26.8521,231.8148,160.5633
42,3,3,0,25.3934,250.4793,146.6407
42,1,0,1,39.4256,207.2514,125.3549
42,1,1,1,39.5827,220.0264,121.3426
42,1,2,1,42.1502,209.1479,126.5389
42,2,1,1,38.8465,203.6992,104.001
42,3,1,1,42.2545,226.5354,105.4136
42,3,2,1,35.2578,216.3893,88.1685
42,3,4,1,44.6725,203.6116,103.8597
42,4,1,1,37.2986,190.1781,73.5557
42,4,2,1,45.1538,201.0962,83.8693
42,4,3,1,44.7208,182.8394,85.964
42,4,4,1,49.3145,162.7603,85.8003
42,0,0,2,35.0668,149.2656,64.1037
42,0,1,2,42.5178,155.8842,47.2561
42,0,2,2,42.3761,149.2933,48.8199
42,3,0,3,26.6648,137.0613,76.1548
42,2,0,4,94.7252,225.1011,130.7253
42,4,0,4,103.3492,231.8731,109.2842
42,1,4,5,53.2554,75.3924,50.0956
42,2,4,5,47.0801,72.686,48.39
42,2,2,6,36.916,64.9113,98.2517
43,0,0,0,25.0424,245.2853,165.6847
43,0,2,0,23.8538,226.5741,149.695
43,1,2,0,25.5506,241.9589,170.0696
43,1,3,0,25.3428,245.318,169.8425
43,3,2,0,26.7124,247.9242,169.9489
43,4,1,0,25.0619,247.6577,169.9245
43,4,2,0,24.857,249.6958,173.6059
43,1,0,1,31.9873,181.3362,110.2379
43,1,1,1,44.5864,187.6074,118.0639
43,0,3,2,45.0693,143.7561,47.4879
43,2,0,2,42.8954,151.493,45.8882
43,3,3,2,40.9983,148.1003,54.7005
43,4,3,2,43.9341,160.0712,47.6647
43,0,1,3,20.9552,87.8509,100.2745
43,3,1,3,25.3104,116.6602,90.1224
43,0,4,4,86.3795,213.7947,128.4069
43,1,4,4,106.1686,247.1817,148.1644
43,2,1,4,84.2121,221.3308,137.1906
43,2,2,4,104.6195,240.9689,149.7083
43,2,3,4,106.5571,248.8487,161.3216
43,2,4,4,107.6018,252.0427,167.3886
43,3,4,4,99.5908,209.5243,141.2823
43,3,0,5,47.0449,98.8926,56.7378
43,4,0,5,40.3953,111.323,65.3807
43,4,4,6,34.2113,124.687,82.8661
44,0,1,0,25.3642,248.1389,156.7387
44,0,3,0,25.2408,251.919,159.8049
44,1,1,0,25.6469,248.2862,158.3018
44,2,1,0,26.1482,245.5326,154.5259
44,3,1,0,25.883,245.3592,161.8532
44,3,2,0,25.3162,238.6414,164.586
44,0,4,1,40.4986,204.47,111.6517
44,0,0,2,43.9731,174.1089,43.5945
44,1,0,2,56.2933,146.5058,50.8129
44,3,0,2,45.736,127.893,47.632
44,4,0,2,47.582,126.715,47.6402
44,4,1,2,41.7188,117.2896,51.9989
44,4,2,2,48.6457,117.3142,43.964
44,0,2,3,22.1652,132.2545,75.7967
44,1,2,3,22.2914,46.9182,92.3292
44,1,3,3,24.1201,123.2476,76.3619
44,1,4,3,23.5405,93.8089,75.7701
44,2,3,3,21.8378,109.1947,79.3935
44,2,4,3,26.3095,63.1255,87.3559
44,3,3,4,85.5315,208.6445,124.961
44,3,4,4,107.9364,252.6743,165.5152
44,4,3,4,88.6579,218.6274,143.0016
44,4,4,4,107.7612,248.4884,166.0027
44,2,2,5,46.05,87.8738,52.3196
44,2,0,6,74.4124,104.3404,90.5931
45,0,0,0,23.4603,209.0426,143.6223
45,1,0,0,24.7609,232.2613,163.1627
45,1,1,0,27.5005,232.2235,167.2346
45,2,0,0,24.6865,232.7197,156.6102
45,3,0,0,24.6829,245.3908,166.3696
45,4,0,0,24.5819,242.5046,166.8052
45,4,1,0,25.0153,243.5826,170.2956
45,4,2,0,25.0942,240.7135,169.9981
45,0,3,2,53.0858,128.7271,46.514
45,0,4,2,45.7741,121.6808,41.9811
45,1,2,2,47.7374,87.2584,59.5861
45,1,3,2,59.1333,85.0587,41.2403
45,1,4,2,57.2026,88.7471,40.0378
45,2,2,2,62.1053,102.3599,53.2616
45,2,3,2,51.3247,96.0257,38.705
45,3,3,2,44.2081,133.8652,50.6141
45,4,3,2,40.1615,121.1607,52.4294
45,2,4,3,23.1502,74.1183,77.0911
45,0,1,4,95.2839,232.936,142.0236
45,0,2,4,105.695,232.9957,147.9336
45,2,1,4,80.8347,208.9214,129.0296
45,3,1,4,76.3059,217.1251,128.6842
45,3,2,4,104.7036,240.6608,152.8229
45,3,4,5,48.5063,98.4775,50.0344
45,4,4,6,58.3262,97.5345,60.9287
46,0,3,0,23.8543,229.7084,153.0921
46,0,4,0,23.6958,221.66,150.6113
46,1,3,0,23.8023,227.3643,143.2721
46,2,3,0,33.5446,213.5596,135.1347
46,3,3,0,25.3304,250.6569,156.2446
46,1,0,1,40.4241,207.3121,124.9131
46,1,1,1,39.5853,220.9299,118.7821
46,1,2,1,42.2036,215.1144,119.665
46,2,1,1,37.3924,199.9181,97.2442
46,3,1,1,42.2406,225.6404,116.0725
46,3,2,1,34.7326,218.6016,95.5909
46,3,4,1,44.5277,198.4682,108.4878
46,4,1,1,36.0356,187.4574,86.0
46,4,2,1,45.04,197.9497,95.625
46,4,3,1,45.2224,184.4038,95.3307
46,4,4,1,48.5884,161.9427,93.3124
46,0,0,2,35.9473,146.736,61.0251
46,0,1,2,42.8833,151.6637,46.6809
46,0,2,2,42.561,147.4557,48.2731
46,3,0,3,25.791,135.1222,89.2397
46,2,0,4,97.3088,226.2948,130.4839
46,4,0,4,103.8416,230.6491,123.1089
46,1,4,5,44.7396,69.1841,44.5611
46,2,4,5,50.7985,69.493,43.5013
46,2,2,6,42.5439,90.0775,54.9284
47,0,2,0,25.0867,250.9911,166.7345
47,1,0,0,23.8194,229.3378,142.3573
47,1,1,0,25.0119,245.0983,155.5587
47,1,2,0,25.1161,251.0801,169.1206
47,1,3,0,24.9631,250.5547,167.0487
47,2,0,0,23.6602,229.7618,142.9645
47,2,1,0,25.4059,247.2146,160.9056
47,2,3,0,25.0203,246.0464,167.7748
47,3,3,0,25.0326,252.2714,172.9594
47,3,4,0,25.1975,244.1399,170.3495
47,0,3,2,45.9198,123.1816,42.2385
47,0,4,2,47.6672,123.3706,43.2281
47,1,4,2,37.281,145.2343,50.906
47,2,4,2,39.5271,134.1415,52.0228
47,0,1,3,28.7169,109.0297,80.4688
47,3,0,3,20.5954,91.0172,91.5189
47,4,0,3,19.3944,140.8375,84.0306
47,4,1,3,22.6089,104.7963,90.4405
47,4,2,3,20.5982,114.2605,89.5068
47,4,3,3,21.7397,133.3472,85.7869
47,4,4,3,20.6624,63.5763,105.301
47,0,0,4,97.0511,230.2996,129.2884
47,3,1,5,44.1072,79.0413,44.7613
47,3,2,5,42.2154,100.8793,54.0151
47,2,2,6,25.8153,106.8252,115.7224
48,0,0,0,24.2581,247.256,150.8409
48,1,0,0,24.6616,249.2564,154.1681
48,1,3,0,29.1287,239.9946,155.4556
48,4,0,0,24.7705,249.9524,164.4029
48,4,1,0,25.1015,248.1708,162.9187
48,2,1,1,41.2939,198.7212,111.3543
48,3,0,1,31.4534,184.3503,102.8546
48,3,1,1,41.4117,210.7724,106.1912
48,0,3,2,47.2065,151.721,39.2397
48,0,4,2,54.7674,100.3077,46.023
48,1,1,2,50.6232,130.6947,44.0058
48,3,2,2,51.7564,100.0728,40.1114
48,4,2,2,41.8202,109.6995,51.982
48,4,3,2,52.9001,100.977,41.3163
48,4,4,2,54.47,95.3476,44.3082
48,2,0,3,22.9974,108.5251,77.3316
48,0,1,4,97.5953,240.2605,128.832
48,0,2,4,87.0949,214.7607,108.1631
48,1,4,4,103.9839,239.3237,154.6628
48,2,3,4,107.3395,242.6674,146.3226
48,2,4,4,105.8768,243.8974,157.8427
48,3,3,4,87.6017,217.1025,137.4199
48,3,4,4,86.5053,205.3348,135.5358
48,1,2,5,46.0532,98.1369,55.5719
48,2,2,6,73.6141,40.1446,94.8333
49,0,3,0,25.0626,249.6762,154.6342
49,1,3,0,24.1647,232.0124,137.1076
49,2,3,0,25.1486,247.6172,159.4789
49,3,2,0,26.4678,236.3402,158.3981
49,3,3,0,23.4543,226.8037,139.066
49,0,4,1,44.219,210.6447,100.2433
49,1,4,1,42.5617,207.4816,108.6654
49,2,4,1,43.0259,195.5624,102.8201
49,0,0,2,46.4187,135.9913,42.5973
49,0,1,2,44.9,134.825,40.5808
49,0,2,2,41.0609,133.2341,46.1538
49,1,0,2,44.542,148.3997,46.0453
49,1,1,2,40.7417,137.4068,48.0505
49,1,2,2,43.2642,132.8646,41.5859
49,2,0,2,43.1437,137.8662,45.8187
49,4,3,3,20.9239,88.2099,74.7638
49,2,1,4,101.2162,234.078,147.4233
49,3,0,4,94.138,237.3531,156.3532
49,3,1,4,85.3263,215.4003,124.6569
49,4,0,4,97.6528,233.5097,146.3869
49,4,1,4,108.5097,247.9003,152.855
49,4,2,4,107.6671,237.8693,146.1495
49,3,4,5,40.6628,79.6896,45.3742
49,4,4,5,47.3486,57.2312,45.7067
49,2,2,6,63.9687,68.7755,100.6521
50,0,4,0,25.3913,242.8212,171.892
50,1,4,0,25.5269,247.3469,166.7738
50,2,4,0,23.4788,225.7407,143.4613
50,3,0,0,24.7298,249.0517,168.9948
50,3,4,0,24.6916,250.2055,149.7877
50,4,4,0,24.4881,244.8229,135.4729
50,0,0,1,31.5242,210.2508,101.9289
50,0,1,1,40.0462,211.8475,125.5376
50,2,3,1,42.6696,206.4029,116.6809
50,3,3,1,44.2296,214.4448,108.9331
50,4,0,1,34.1238,221.4416,79.9802
50,4,1,1,42.0373,224.0162,85.949
50,4,2,1,37.2201,187.3585,78.0621
50,4,3,1,44.7888,206.3039,84.3634
50,1,1,2,36.6084,146.8003,58.9886
50,1,2,2,48.995,124.1157,52.2897
50,2,0,2,45.8511,151.9377,50.5648
50,2,1,2,43.1501,145.6683,49.446
50,3,1,3,27.4662,138.263,80.1803
50,0,2,4,82.1762,214.2533,130.4914
50,0,3,4,83.6156,217.7226,129.0558
50,1,0,4,101.0284,231.3553,127.5964
50,3,2,4,102.9184,227.9781,134.3818
50,1,3,5,60.9668,104.071,59.5862
50,2,2,6,35.4096,64.576,97.3938
51,0,2,0,26.2179,232.9501,165.005
51,1,0,0,25.2835,196.4915,141.7154
51,1,1,0,27.8233,219.6656,153.579
51,1,2,0,40.3744,198.396,142.1333
51,1,3,0,26.0061,233.738,164.4935
51,2,0,0,25.0488,203.5337,142.5826
51,2,1,0,27.2985,229.0445,153.6732
51,2,3,0,25.8834,229.8206,162.0469
51,3,3,0,25.888,241.3861,170.7994
51,3,4,0,25.6837,227.5516,168.4873
51,0,3,2,55.808,98.3153,48.4718
51,0,4,2,56.2456,98.7949,48.6909
51,1,4,2,46.2979,99.0885,55.7372
51,2,4,2,48.1515,94.8858,55.9793
51,0,1,3,35.2614,69.2537,85.7241
51,3,0,3,23.1853,52.8349,93.6712
51,4,0,3,21.7519,100.6564,84.2314
51,4,1,3,25.815,66.7154,91.102
51,4,2,3,22.3033,78.3703,89.5002
51,4,3,3,24.4549,94.26,85.0625
51,4,4,3,23.9619,33.0018,105.3183
51,0,0,4,96.981,223.77,145.7693
51,3,1,5,58.11,59.3061,46.6314
51,3,2,5,51.4055,84.3895,54.5654
51,2,2,6,46.2736,126.025,74.1981
52,0,0,0,25.7633,238.5096,153.8707
52,1,0,0,25.9261,240.5771,157.1373
52,1,3,0,29.8576,216.3394,156.4919
52,4,0,0,26.0558,232.4891,164.7877
52,4,1,0,26.1344,226.3068,163.5306
52,2,1,1,46.1327,168.0192,117.7533
52,3,0,1,36.4777,148.2624,108.8379
52,3,1,1,46.3058,171.1722,115.1936
52,0,3,2,59.734,117.8271,47.7736
52,0,4,2,71.1623,82.5886,52.6248
52,1,1,2,55.622,115.9618,45.5475
52,3,2,2,58.4018,97.7254,45.3176
52,4,2,2,54.8224,73.9997,59.6216
52,4,3,2,67.6159,85.2055,50.9404
52,4,4,2,70.5886,87.054,55.6971
52,2,0,3,26.7676,65.6366,78.3717
52,0,1,4,101.3442,239.7326,146.3536
52,0,2,4,91.5889,215.3502,122.1439
52,1,4,4,106.2635,245.433,178.7223
52,2,3,4,108.446,238.3569,157.6263
52,2,4,4,108.0553,249.3693,182.1813
52,3,3,4,88.2695,193.135,148.3733
52,3,4,4,91.2232,188.5294,152.8037
52,1,2,5,78.4479,98.3757,58.6832
52,2,2,6,64.9825,117.6275,66.6087
53,0,3,0,26.5575,219.2277,158.4274
53,1,3,0,29.3502,200.7676,134.2711
53,2,3,0,27.868,225.0645,155.102
53,3,2,0,26.9212,223.8509,158.8633
53,3,3,0,24.5582,208.3468,141.4933
53,0,4,1,50.9094,144.6177,110.4755
53,1,4,1,45.878,175.7168,119.1304
53,2,4,1,46.6755,160.3226,111.2565
53,0,0,2,61.4561,87.5048,53.8215
53,0,1,2,60.569,82.0633,49.9173
53,0,2,2,58.0641,64.4392,55.5595
53,1,0,2,52.1289,106.1591,51.069
53,1,1,2,50.2385,97.0387,50.9594
53,1,2,2,60.9712,97.5512,49.7784
53,2,0,2,50.301,104.8959,48.3861
53,4,3,3,23.4857,68.9848,89.477
53,2,1,4,103.4128,232.7996,157.1247
53,3,0,4,93.4027,232.2754,172.0617
53,3,1,4,84.8937,207.7514,134.1608
53,4,0,4,99.2387,231.449,171.2576
53,4,1,4,107.9628,248.6386,180.3037
53,4,2,4,103.2833,237.5857,171.2293
53,3,4,5,57.9104,63.1033,48.7263
53,4,4,5,54.5618,68.9854,52.166
53,2,2,6,61.8275,96.8894,74.113
54,0,4,0,27.6848,225.7384,172.9653
54,1,4,0,26.8324,233.5194,170.6886
54,2,4,0,24.6982,207.0071,154.7862
54,3,0,0,25.4166,240.9099,177.5316
54,3,4,0,25.7265,231.1975,170.7478
54,4,4,0,25.9998,238.9223,166.1194
54,0,0,1,35.7343,182.828,105.414
54,0,1,1,44.023,185.1157,132.2598
54,2,3,1,45.2548,183.988,127.7538
54,3,3,1,47.8328,175.9493,133.8846
54,4,0,1,34.276,200.109,118.868
54,4,1,1,42.7631,205.1586,132.0625
54,4,2,1,37.0654,171.7194,117.8924
54,4,3,1,46.5282,184.3665,126.2384
54,1,1,2,42.7109,121.3818,59.9123
54,1,2,2,55.8808,99.1993,56.4185
54,2,0,2,49.7337,130.0224,53.0245
54,2,1,2,47.9907,124.2211,48.2024
54,3,1,3,28.3413,112.1707,93.1299
54,0,2,4,85.0649,209.0574,143.0536
54,0,3,4,87.057,215.3862,142.0495
54,1,0,4,102.9329,233.8583,142.7189
54,3,2,4,104.1852,230.8363,164.2509
54,1,3,5,55.0579,86.7627,60.6722
54,2,2,6,50.6513,65.5149,72.0989
55,1,0,0,25.1865,243.9238,167.8543
55,2,0,0,26.5558,219.5626,170.7659
55,2,1,0,25.1168,239.8363,169.576
55,4,3,0,26.6002,224.8465,165.2744
55,0,1,2,43.1517,129.4468,38.7486
55,1,1,2,37.7698,164.8556,48.6427
55,3,3,2,30.4355,178.871,59.8947
55,3,4,2,37.9861,185.2736,44.3508
55,4,4,2,33.6027,152.4088,60.8709
55,3,0,3,25.0378,170.97,91.7782
55,3,1,3,18.2252,117.571,111.6919
55,3,2,3,20.5977,145.2255,93.2079
55,4,0,3,22.3655,180.1304,99.3245
55,4,1,3,20.0884,148.4066,100.6972
55,0,2,4,78.3135,213.0305,114.183
55,0,3,4,103.4896,244.4432,137.7571
55,0,4,4,105.7803,250.9027,147.698
55,1,2,4,81.8046,221.7485,127.4051
55,1,3,4,103.1172,234.5552,140.5808
55,1,4,4,106.5176,251.2144,150.3975
55,2,3,4,100.549,232.8033,138.0546
55,2,4,4,82.0986,222.461,120.3854
55,0,0,5,40.9786,128.6264,67.5959
55,2,2,5,39.4901,150.405,78.8735
55,4,2,6,31.2811,106.078,118.1759
56,1,3,0,23.3417,252.6955,171.8318
56,2,3,0,22.4103,230.4996,152.3233
56,3,3,0,28.7658,236.5949,171.8217
56,3,4,0,23.0611,218.822,152.1368
56,0,0,1,36.3642,236.2136,107.1018
56,0,2,1,39.0029,223.3301,97.4374
56,0,3,1,37.2251,210.2936,110.3278
56,1,0,1,36.4822,214.7101,110.0094
56,1,2,1,29.1513,212.4783,96.5505
56,2,0,1,39.0807,228.6076,108.0122
56,2,1,1,36.6986,238.2435,101.5396
56,2,2,1,38.2527,227.6885,106.5136
56,3,0,1,42.5755,218.6631,114.2138
56,3,2,1,38.6179,191.8588,110.0481
56,4,0,1,38.8509,216.2936,110.5408
56,4,2,1,31.9009,169.7482,101.8804
56,0,1,2,29.3657,185.5796,48.5151
56,1,1,2,37.9167,212.2434,41.1274
56,1,4,2,40.8987,161.194,42.4657
56,3,1,3,20.334,157.9818,85.7401
56,4,1,3,20.6165,153.109,86.1841
56,0,4,4,104.2565,226.4935,128.6405
56,4,3,4,98.1816,226.1329,134.4417
56,4,4,4,102.4496,223.8847,126.5736
56,2,4,6,55.0395,53.1399,96.0298
57,0,0,0,25.6959,232.1011,173.4357
57,0,3,0,23.6507,247.2482,169.0578
57,1,2,0,24.1471,239.5781,165.386
57,1,3,0,22.6616,251.9959,169.9354
57,2,1,0,21.3886,232.3918,158.729
57,2,2,0,24.9642,247.8886,174.3807
57,3,1,0,24.5025,246.0306,176.3636
57,3,2,0,23.1832,251.1687,177.7873
57,3,3,0,23.1896,249.1021,172.6888
57,4,2,0,25.5068,240.8439,164.3016
57,4,0,1,31.4868,212.1694,100.8816
57,4,1,1,34.2946,215.5792,102.7335
57,1,4,2,29.2682,168.6767,50.7738
57,2,3,2,38.142,187.0772,52.0058
57,2,4,2,38.0392,172.6941,44.64
57,3,4,2,30.0162,166.0346,54.475
57,4,3,2,36.1586,176.0812,53.0315
57,4,4,2,39.3514,166.6246,48.9811
57,0,1,3,18.8517,119.8387,106.0519
57,0,2,3,22.8971,124.0892,86.0508
57,3,0,4,101.7053,217.1788,112.8171
57,1,0,5,40.5922,102.6045,60.197
57,1,1,5,40.3325,116.6475,59.467
57,2,0,5,43.508,96.8378,51.6467
57,0,4,6,22.5645,133.5656,115.7587
58,0,1,0,23.5272,249.4351,188.7975
58,0,3,0,23.4076,248.6195,189.4235
58,1,1,0,24.2207,248.8751,186.0682
58,1,3,0,24.8575,238.8802,187.5422
58,2,1,0,22.8095,248.1677,191.9933
58,2,2,0,25.6196,244.4473,191.3378
58,2,3,0,21.5334,233.9837,171.0575
58,3,2,0,20.958,230.6149,139.861
58,1,0,2,27.8865,196.4602,70.1122
58,2,0,2,36.6098,178.295,59.143
58,3,0,2,37.5228,185.2732,49.1912
58,3,1,2,35.704,190.7489,49.7341
58,4,0,2,36.7123,178.7504,28.5967
58,4,1,2,37.1692,160.5919,28.8309
58,4,2,2,34.5076,166.9393,35.881
58,4,3,2,35.5089,159.2534,28.9902
58,3,3,3,17.54,135.8005,89.2702
58,0,4,4,105.5078,244.2843,142.6436
58,1,2,4,83.3353,211.4036,126.4988
58,1,4,4,81.0795,213.721,128.6242
58,2,4,4,103.9252,238.3955,137.8456
58,3,4,4,107.9922,246.2791,119.5233
58,4,4,4,86.8786,222.3914,108.5686
58,0,0,5,29.1682,146.776,78.2237
58,0,2,6,28.5392,95.1277,109.6554
59,1,0,0,24.1467,247.7158,174.0275
59,2,0,0,25.7977,227.8142,173.1563
59,2,1,0,24.6495,239.3655,172.7499
59,4,3,0,25.7688,225.2256,156.968
59,0,1,2,42.1099,123.8979,41.1795
59,1,1,2,37.8091,157.2424,45.8723
59,3,3,2,29.7192,181.6015,60.068
59,3,4,2,36.2141,194.6366,44.0108
59,4,4,2,32.4196,156.7236,61.1113
59,3,0,3,24.0332,167.9639,91.3399
59,3,1,3,18.1069,115.1339,110.9921
59,3,2,3,19.8533,145.4452,94.3996
59,4,0,3,20.2804,179.469,98.4815
59,4,1,3,20.1258,150.1505,99.0701
59,0,2,4,80.1363,216.3134,120.2908
59,0,3,4,104.4892,246.8127,141.1679
59,0,4,4,106.4902,251.3224,150.7875
59,1,2,4,82.9779,222.9593,130.7681
59,1,3,4,102.8808,233.7884,141.2511
59,1,4,4,106.4296,251.7801,151.6951
59,2,3,4,99.967,232.0889,137.775
59,2,4,4,79.9199,222.5606,122.6821
59,0,0,5,46.8762,116.5227,59.3421
59,2,2,5,40.5868,142.7669,75.4755
59,4,2,6,32.2496,117.9819,75.751
60,1,3,0,23.2428,253.1421,172.7301
60,2,3,0,22.2695,233.2607,151.0782
60,3,3,0,30.3962,237.2637,173.0712
60,3,4,0,22.3592,224.3409,157.0864
60,0,0,1,36.7808,235.9325,107.9173
60,0,2,1,38.4053,221.0847,99.0232
60,0,3,1,36.3246,220.4527,113.5433
60,1,0,1,36.0882,211.2845,111.858
60,1,2,1,29.1869,213.9903,99.2349
60,2,0,1,38.9953,230.3902,109.3084
60,2,1,1,36.3978,237.5331,103.645
60,2,2,1,38.07,228.6579,108.547
60,3,0,1,41.7475,217.894,116.6078
60,3,2,1,38.2578,195.0642,112.1463
60,4,0,1,38.3824,221.5626,113.4421
60,4,2,1,31.8008,172.9617,104.3937
60,0,1,2,30.2528,186.4861,47.0587
60,1,1,2,37.8697,209.4231,42.9793
60,1,4,2,59.4169,139.649,55.4705
60,3,1,3,20.0677,158.8645,87.7902
60,4,1,3,20.0398,156.4022,88.007
60,0,4,4,99.0923,235.0485,130.7332
60,4,3,4,96.7404,226.7518,135.5976
60,4,4,4,102.542,225.1257,127.985
60,2,4,6,47.8793,126.1967,75.7947
61,0,0,0,25.1104,236.1563,177.2234
61,0,3,0,22.9597,246.3445,172.7579
61,1,2,0,24.3295,242.0247,171.9757
61,1,3,0,22.7629,251.5661,175.2321
61,2,1,0,22.1654,229.9649,161.481
61,2,2,0,24.4301,248.9797,181.0738
61,3,1,0,23.6817,248.9113,184.2657
61,3,2,0,23.2552,250.5629,182.4859
61,3,3,0,23.4525,249.4949,174.8483
61,4,2,0,23.6748,245.267,172.0634
61,4,0,1,30.9102,217.0431,103.9029
61,4,1,1,33.2338,216.6393,108.6588
61,1,4,2,28.4059,175.9683,53.8353
61,2,3,2,37.7869,183.3901,53.9984
61,2,4,2,37.8913,171.5477,46.3298
61,3,4,2,30.0498,171.2585,57.5376
61,4,3,2,35.9467,184.0792,55.3797
61,4,4,2,39.15,170.6778,50.9237
61,0,1,3,19.9571,116.7479,106.7948
61,0,2,3,19.8735,121.5033,90.6425
61,3,0,4,100.6455,217.5599,114.7924
61,1,0,5,39.7079,98.1547,58.1053
61,1,1,5,39.0004,117.0878,64.7063
61,2,0,5,49.4106,102.2543,55.6914
61,0,4,6,33.0144,171.2973,83.988
62,0,1,0,23.0185,250.4593,185.0543
62,0,3,0,23.3447,248.6626,190.4615
62,1,1,0,23.3568,248.4866,186.733
62,1,3,0,24.6022,238.3912,188.208
62,2,1,0,22.8433,248.3331,193.7996
62,2,2,0,26.52,243.5591,193.0027
62,2,3,0,21.6134,231.4222,176.0804
62,3,2,0,20.4822,230.5819,154.1136
62,1,0,2,27.5233,197.2813,73.1151
62,2,0,2,37.3268,178.4691,60.4364
62,3,0,2,36.6578,184.7721,55.3466
62,3,1,2,35.2742,198.2199,55.9423
62,4,0,2,35.9785,180.6486,36.2621
62,4,1,2,37.4905,166.2397,33.3012
62,4,2,2,34.0348,175.9046,40.6656
62,4,3,2,35.6889,156.4134,32.1407
62,3,3,3,17.7935,143.0543,102.8502
62,0,4,4,105.1073,240.3735,143.4605
62,1,2,4,82.5928,208.8278,125.249
62,1,4,4,81.5488,211.8967,131.9511
62,2,4,4,104.1286,238.2829,145.67
62,3,4,4,108.4292,245.9991,128.6196
62,4,4,4,87.2665,218.8258,111.9065
62,0,0,5,27.0378,148.5532,79.6183
62,0,2,6,30.777,123.8845,78.8799
63,1,1,0,23.6762,244.5687,172.3368
63,1,2,0,23.5377,244.4138,181.5959
63,1,3,0,23.5317,244.445,183.5996
63,1,4,0,21.8583,232.0553,163.1002
63,2,1,0,23.3721,243.1506,176.8867
63,2,2,0,24.1483,244.3618,171.6881
63,2,3,0,24.4138,240.464,167.5146
63,2,4,0,23.5389,251.5227,185.3393
63,3,1,0,23.6651,248.5203,173.8262
63,3,4,0,22.4673,245.7772,174.1158
63,0,0,2,49.0432,104.9986,48.2806
63,0,1,2,36.5526,107.1723,57.0159
63,0,2,2,36.049,114.1702,62.3554
63,0,3,2,35.3,117.4971,66.4544
63,0,4,2,39.9999,128.2775,51.0017
63,1,0,2,45.1897,114.9205,44.807
63,2,0,2,35.8031,124.6319,51.7014
63,3,0,2,40.7945,147.8143,45.355
63,3,2,2,40.6567,173.8837,46.0049
63,3,3,2,39.787,157.3624,45.1396
63,4,0,2,41.9016,154.0157,41.4891
63,4,1,2,38.4934,164.5622,45.5224
63,4,2,2,38.7652,168.4743,44.2988
63,4,3,2,39.3249,149.789,45.2366
63,4,4,6,36.6869,85.8696,123.1212
64,0,3,0,26.9469,237.2428,171.4172
64,1,3,0,22.2036,227.7933,157.9472
64,1,4,0,23.1602,225.4601,172.4809
64,2,3,0,23.5917,245.2326,181.8514
64,3,3,0,23.648,238.5309,179.9962
64,3,4,0,23.6093,223.7496,174.1975
64,0,0,1,38.9385,216.4893,117.7895
64,0,1,1,37.6118,185.9199,121.7614
64,1,1,1,39.04,213.8136,114.2766
64,1,2,1,41.3303,219.181,113.4423
64,2,1,1,37.6913,211.0688,112.3095
64,2,2,1,29.6981,194.7062,107.8222
64,3,1,1,34.9144,167.0632,100.1319
64,3,2,1,32.8421,195.4202,108.3692
64,4,1,1,33.5851,154.5456,116.9731
64,4,2,1,42.9978,187.2019,124.7396
64,4,3,1,41.2495,163.9721,130.9974
64,4,4,1,41.9005,153.3184,119.7334
64,1,0,2,33.5629,171.2563,54.8811
64,2,0,2,41.0287,166.1185,42.2584
64,0,4,3,18.6533,69.3028,111.0634
64,0,2,4,98.3521,232.9607,131.7677
64,3,0,4,102.7013,228.6567,120.2493
64,4,0,4,103.8164,229.7967,148.3283
64,2,4,6,56.9615,54.4933,107.4899
65,0,0,0,23.014,200.8799,163.6905
65,0,1,0,23.5505,218.9278,182.7126
65,0,2,0,23.2238,223.0858,183.8914
65,0,3,0,23.3015,231.9308,177.8505
65,0,4,0,22.6648,203.8498,154.6151
65,2,4,0,27.2388,235.8721,176.9649
65,3,1,0,23.5782,246.9,189.0165
65,3,4,1,38.2212,195.2005,123.2232
65,4,3,1,36.9852,214.1584,123.853
65,1,0,3,17.6731,111.4232,113.7453
65,2,0,3,17.9238,125.8766,105.5573
65,2,3,3,20.3643,144.5485,96.0349
65,3,0,3,19.9302,140.7526,100.8489
65,3,2,3,18.7754,122.5195,110.0767
65,3,3,3,19.524,140.1198,94.5595
65,4,0,3,24.0681,125.2624,108.1724
65,4,1,3,17.7616,158.6005,105.873
65,4,2,3,21.1884,140.956,99.7649
65,1,1,5,48.1991,81.6831,55.6604
65,1,2,5,40.4328,111.0431,69.9327
65,1,3,5,51.357,100.4886,57.0649
65,1,4,5,56.6598,88.6004,55.2699
65,2,1,5,48.5321,97.2024,60.7894
65,2,2,5,48.3053,95.1011,60.5798
65,4,4,6,23.1596,124.0723,127.5412
66,1,1,0,23.9319,239.4891,189.3366
66,2,1,0,23.3423,245.6898,190.5202
66,2,2,0,21.5751,233.4774,173.4558
66,2,3,2,38.5063,183.4389,56.8489
66,2,4,2,38.9658,163.8627,55.0452
66,3,1,2,36.2294,178.1564,51.8973
66,3,2,2,29.9447,175.2812,65.0423
66,3,3,2,37.423,175.1026,52.4342
66,3,4,2,41.0756,117.3622,54.6521
66,0,0,4,101.3748,239.0614,156.6678
66,0,1,4,102.3515,236.0428,157.3884
66,0,2,4,105.4795,246.0163,159.0389
66,0,3,4,104.8597,245.8918,163.6796
66,1,0,4,84.1757,214.9163,128.6051
66,1,2,4,96.292,235.4552,142.3405
66,1,3,4,82.9092,215.9895,130.3765
66,1,4,4,102.7686,243.0241,164.9262
66,2,0,4,83.8793,214.4953,128.142
66,3,0,4,104.068,234.902,144.6539
66,4,0,4,106.8185,241.177,158.0737
66,4,1,4,84.7254,222.8261,148.3294
66,4,2,4,98.5063,237.46,153.544
66,4,3,4,80.4033,220.5384,145.7734
66,4,4,4,83.3285,210.9569,137.4631
66,0,4,5,33.7565,76.4879,112.0028
67,1,1,0,22.9722,251.4413,173.619
67,1,2,0,23.0442,251.3092,182.1239
67,1,3,0,23.1427,251.2206,185.15
67,1,4,0,21.3882,238.2217,165.7589
67,2,1,0,22.9474,250.3932,179.0857
67,2,2,0,23.4498,250.6672,174.9069
67,2,3,0,24.1466,244.6412,169.582
67,2,4,0,23.1199,252.9139,189.4598
67,3,1,0,23.0771,251.0759,176.4148
67,3,4,0,24.0423,226.3541,164.8067
67,0,0,2,41.294,145.2641,44.3332
67,0,1,2,31.2049,155.3737,52.3981
67,0,2,2,30.8442,157.8389,57.6798
67,0,3,2,30.0838,157.5974,61.6336
67,0,4,2,36.8107,164.6282,47.7239
67,1,0,2,40.2814,154.8813,42.7579
67,2,0,2,32.1302,160.6083,50.6667
67,3,0,2,38.0272,182.2205,44.3623
67,3,2,2,37.6023,204.8371,45.3587
67,3,3,2,36.5529,186.8297,43.9825
67,4,0,2,41.0906,182.1338,41.0912
67,4,1,2,35.7709,193.2343,46.8858
67,4,2,2,35.9556,192.1141,45.637
67,4,3,2,36.7154,168.2927,43.8292
67,4,4,6,24.3915,115.8104,88.4811
68,0,0,0,21.7999,222.3548,164.115
68,0,1,0,22.9658,237.8819,181.1932
68,0,2,0,22.563,242.3712,182.9009
68,0,3,0,22.3852,246.5025,176.9403
68,0,4,0,20.7861,226.9049,156.3224
68,2,4,0,24.8341,241.4575,179.4028
68,3,1,0,22.7521,246.1586,190.3336
68,3,4,1,36.9399,196.3918,111.0681
68,4,3,1,36.1006,229.014,112.5189
68,1,0,3,17.2208,134.0336,114.2384
68,2,0,3,17.9395,151.4148,103.8631
68,2,3,3,18.2596,170.8081,96.7949
68,3,0,3,18.4363,169.9866,106.2391
68,3,2,3,18.166,145.4121,110.876
68,3,3,3,18.7007,168.5421,93.896
68,4,0,3,19.3069,148.1348,114.1316
68,4,1,3,17.2525,182.9832,108.734
68,4,2,3,19.317,162.3474,100.8417
68,1,1,5,37.1064,104.2681,52.6087
68,1,2,5,28.8785,132.843,68.9762
68,1,3,5,44.8364,124.2121,57.2033
68,1,4,5,41.256,111.1543,52.6631
68,2,1,5,40.3219,120.6064,60.8089
68,2,2,5,36.2734,123.3932,63.4408
68,4,4,6,32.4464,146.7004,90.3899
69,1,1,0,25.5562,241.6727,190.4256
69,2,1,0,23.8915,248.0881,194.4662
69,2,2,0,21.1377,238.7341,177.0293
69,2,3,2,38.8865,207.6607,64.4697
69,2,4,2,37.7809,189.2176,57.2758
69,3,1,2,35.175,200.9857,54.8435
69,3,2,2,28.0985,198.3455,68.0222
69,3,3,2,35.1857,199.1366,53.4798
69,3,4,2,37.0179,146.5655,55.8883
69,0,0,4,102.4997,242.7339,148.1471
69,0,1,4,102.2538,237.5736,148.7073
69,0,2,4,105.4283,246.8923,152.292
69,0,3,4,105.3113,246.9872,153.4684
69,1,0,4,83.2172,214.1483,122.0124
69,1,2,4,96.091,230.5293,131.8568
69,1,3,4,81.3586,210.7772,122.1355
69,1,4,4,100.947,237.4273,149.1375
69,2,0,4,83.1539,213.9085,124.2455
69,3,0,4,104.0664,232.8019,141.7225
69,4,0,4,105.185,235.5016,151.874
69,4,1,4,82.5939,222.0384,145.6431
69,4,2,4,96.7212,234.9223,147.4001
69,4,3,4,79.3129,221.0145,142.6161
69,4,4,4,82.8149,208.257,132.8033
69,0,4,6,47.2512,132.1707,80.2666
70,1,1,0,22.8503,251.7862,171.0926
70,1,2,0,22.9652,251.8668,179.639
70,1,3,0,23.0477,251.2378,182.7856
70,1,4,0,21.3489,238.7032,164.3066
70,2,1,0,22.9302,250.7727,175.4015
70,2,2,0,23.5622,249.7036,168.342
70,2,3,0,24.4347,244.4914,163.6032
70,2,4,0,22.9997,253.2437,186.7553
70,3,1,0,23.2182,251.1074,169.5309
70,3,4,0,24.2547,224.009,160.6079
70,0,0,2,41.1255,141.911,42.2903
70,0,1,2,30.9917,159.2797,53.8876
70,0,2,2,30.0227,159.2275,60.4695
70,0,3,2,29.6546,161.9721,65.3861
70,0,4,2,35.3801,170.4074,51.5401
70,1,0,2,39.5146,154.466,40.2642
70,2,0,2,31.9916,154.8961,48.6069
70,3,0,2,36.748,181.4125,42.8796
70,3,2,2,37.8567,203.0685,42.7863
70,3,3,2,36.4206,187.3575,41.7768
70,4,0,2,38.9795,184.1204,38.8025
70,4,1,2,35.7435,192.6719,43.4102
70,4,2,2,35.9497,193.7123,42.887
70,4,3,2,37.0648,171.0483,41.1792
70,4,4,6,26.208,117.0404,85.7962
71,0,3,0,23.1928,244.9544,176.5062
71,1,3,0,21.2544,235.2053,156.5487
71,1,4,0,42.8021,170.2494,136.7548
71,2,3,0,23.4397,248.6575,176.8465
71,3,3,0,23.0252,248.1064,181.5415
71,3,4,0,22.8081,241.8369,179.437
71,0,0,1,37.3189,231.4266,112.3559
71,0,1,1,36.0236,205.414,117.555
71,1,1,1,36.9816,227.3112,109.8581
71,1,2,1,36.9118,231.7991,112.2795
71,2,1,1,36.0183,227.4701,109.299
71,2,2,1,27.862,211.7156,110.3088
71,3,1,1,32.8032,189.7447,97.1987
71,3,2,1,30.8085,211.8108,106.4246
71,4,1,1,31.6603,177.26,115.0458
71,4,2,1,39.764,206.4987,121.0859
71,4,3,1,37.4723,189.3937,129.1173
71,4,4,1,38.95,180.9163,119.3404
71,1,0,2,30.1262,191.7506,52.8883
71,2,0,2,38.4537,194.8962,41.394
71,0,4,3,17.4516,89.511,109.9106
71,0,2,4,103.0655,235.2099,121.9724
71,3,0,4,101.7305,229.5305,111.3757
71,4,0,4,103.3585,230.2363,137.697
71,2,4,6,52.4952,114.5065,80.197
72,0,0,0,21.9331,217.4843,166.945
72,0,1,0,22.9876,233.662,187.8535
72,0,2,0,22.4405,235.5962,188.5254
72,0,3,0,22.1153,242.2815,187.6101
72,0,4,0,20.5392,214.0984,162.259
72,2,4,0,22.8027,244.323,180.2177
72,3,1,0,22.8665,244.5685,184.9224
72,3,4,1,35.3954,203.3241,118.8045
72,4,3,1,33.6306,219.9576,119.9081
72,1,0,3,16.9346,135.7707,118.1041
72,2,0,3,17.2362,153.1729,108.3292
72,2,3,3,21.0374,156.902,91.7927
72,3,0,3,18.8979,157.084,102.7577
72,3,2,3,19.2168,147.082,113.5301
72,3,3,3,18.4923,159.8355,96.8103
72,4,0,3,26.1212,149.603,111.1864
72,4,1,3,17.737,182.8523,112.825
72,4,2,3,19.5159,155.7905,105.5463
72,1,1,5,31.1471,111.2181,61.5938
72,1,2,5,29.131,140.2782,78.5305
72,1,3,5,42.6297,128.1681,62.4857
72,1,4,5,42.8179,115.1512,58.6171
72,2,1,5,34.578,118.6044,64.4332
72,2,2,5,37.2769,114.5712,61.3048
72,4,4,6,32.6544,150.8223,91.2117
73,1,1,0,27.9735,240.7494,186.6901
73,2,1,0,25.3589,247.1195,190.6557
73,2,2,0,21.1051,238.6275,175.6403
73,2,3,2,39.5192,207.1959,66.1409
73,2,4,2,38.0692,187.256,57.5518
73,3,1,2,37.1759,199.2984,55.6613
73,3,2,2,27.7865,198.6483,68.2877
73,3,3,2,35.0802,199.7093,52.8278
73,3,4,2,36.8038,145.8832,55.2581
73,0,0,4,99.1725,238.3189,144.642
73,0,1,4,102.2835,237.1006,147.9002
73,0,2,4,105.5162,247.6243,153.188
73,0,3,4,105.5482,247.8522,154.6479
73,1,0,4,80.5434,215.6231,119.5259
73,1,2,4,95.1822,230.5785,132.6385
73,1,3,4,81.932,211.4114,122.7454
73,1,4,4,101.0123,237.0676,150.0769
73,2,0,4,81.2541,211.5775,120.2943
73,3,0,4,101.9018,227.9688,137.518
73,4,0,4,102.6416,237.1083,147.734
73,4,1,4,82.0147,223.2719,142.1778
73,4,2,4,95.9824,235.2779,144.5809
73,4,3,4,78.7413,221.0898,141.0015
73,4,4,4,81.982,208.751,133.7894
73,0,4,6,48.2347,135.545,81.1704
